<?xml version="1.0" encoding="UTF-8"?>
<project-private xmlns="http://www.netbeans.org/ns/project-private/1">
    <editor-bookmarks xmlns="http://www.netbeans.org/ns/editor-bookmarks/2" lastBookmarkId="0"/>
    <open-files xmlns="http://www.netbeans.org/ns/projectui-open-files/2">
        <group>
            <file>file:/C:/Users/melan/OneDrive/Escritorio/Digital%202/lab4_moralesdiaz_201150/Master.X/I2C.h</file>
            <file>file:/C:/Users/melan/OneDrive/Escritorio/Digital%202/lab4_moralesdiaz_201150/Master.X/I2C.c</file>
        </group>
    </open-files>
</project-private>
